IdDeliveryDriver,Licensenumber,datehired,rating,orderid,studentid
16350321 8442,H0N 1P1,06/07/19,2,784287-7404,16130703 9022
16320716 1948,K2X 7Z1,11/02/19,3,215169-4706,16260705 5981
16130226 5002,J8E 9K5,12/25/20,4,416291-4479,16700119 6513
16400320 0609,M2E 3P4,07/25/20,2,572190-2848,16510321 3327
16510503 5041,T1G 8T7,12/22/20,7,602734-2440,16780304 7245
16820712 2287,X5Q 3O9,09/17/19,10,184534-2334,16840804 4702
16491222 4104,X1Y 7K2,12/06/20,4,167957-1537,16750930 6457
16340903 3267,O3W 9H2,08/21/19,8,483401-4997,16000314 5851
16940528 0075,R5G 1B4,12/23/19,8,006665-0680,16930303 1349
16711211 5386,P8I 0T3,02/26/20,2,278905-7607,16831118 6236
16340702 0092,B5B 0V5,02/29/20,5,819778-6109,16470921 3187
16560508 6452,S2F 6V1,05/07/20,7,189706-3648,16360507 3638
16260214 1950,S4J 6U5,12/07/20,5,172799-6744,16790512 8372
16040407 7547,X7P 8K7,10/09/20,10,132441-9389,16181129 1663
16430311 1274,X8G 3M3,01/21/20,8,024909-6231,16560727 4072
16770219 0518,I7P 8V9,10/31/20,4,462161-1351,16570613 6768
16121114 0635,G2E 6D4,07/03/20,5,724480-2810,16391012 6170
16521021 6767,X0R 3R8,06/09/20,9,655698-1535,16140610 4131
16620226 5424,F3J 5H6,06/23/20,8,603603-2644,16240128 3136
16390326 5423,F6O 3Y8,03/19/21,2,288296-1648,16691013 0316
16150512 9997,S9E 2R2,08/13/19,9,839502-9914,16780508 2059
16810809 8628,Q9E 4Z8,08/14/20,9,294098-8187,16470701 2102
16890129 3855,S1S 3L9,07/30/20,8,638164-4746,16470810 8321
16680316 9405,W0W 2L0,02/13/20,2,903061-3542,16250814 5568
16840216 3805,E1N 7L9,10/29/19,3,679621-3160,16841207 0578
16900429 7280,H7S 2Y6,05/07/19,10,244766-5700,16941214 1575
16870709 1776,F1K 2J6,01/26/21,8,894243-0391,16480527 0529
16310729 6224,J6J 1T4,01/19/21,1,659072-7217,16730227 6444
16280819 4431,B3Z 7T4,01/17/21,8,768681-3382,16420201 9917
16071209 1941,G4A 1H3,08/05/19,1,868081-5936,16610421 2235
16280626 4368,L3G 7Y8,04/27/19,10,245759-3743,16840129 0989
16540526 8318,H9M 7Z3,06/15/19,1,897056-0143,16220519 6393
16640319 7905,I5F 9P6,12/12/19,6,537809-5649,16150306 5946
16050908 7789,V3B 1L7,04/07/21,1,503184-3955,16100223 4001
16151217 3541,X2W 7D7,11/23/20,6,167557-9682,16681224 9610
16081128 0361,J4I 3J6,01/26/20,1,215866-9255,16680302 8759
16340603 8376,O2F 8F9,05/14/20,6,967923-9179,16670425 5980
16110907 7972,T6W 7P1,07/06/19,2,542990-4088,16860225 9056
16100130 4144,H0H 5O1,08/16/20,6,202059-4798,16170711 5919
16090826 8774,L2F 1V6,02/06/20,1,249458-4663,16670426 7092
16520522 0378,G1X 9W3,02/06/20,4,074460-5940,16160502 1003
16851008 1055,C9C 8O1,08/10/20,9,728135-3024,16560413 8478
16321210 1897,J2D 5J6,12/29/20,6,734150-3600,16540612 6051
16360320 4185,S5R 5F5,12/18/19,2,466603-2091,16810822 6021
16511026 2739,X5F 4M1,11/09/19,9,175772-3067,16820205 8452
16740509 1245,Z2D 7V7,07/22/19,4,124276-8651,16300119 3154
16420214 6397,H7H 2W7,10/17/19,5,724365-6217,16300208 6860
16950407 7562,H7H 7B0,05/28/19,2,965217-6216,16091210 9717
16290201 5839,X7L 2N9,11/10/20,6,185847-4057,16960403 5874
16960723 7824,W4R 1R0,07/22/20,2,196380-0923,16320101 5389
16850724 3502,D4N 7U0,07/01/20,5,422559-5547,16140904 1579
16970521 0244,G1R 7E1,04/14/20,3,287420-5459,16970723 6452
16831113 6835,U3Y 7U1,12/20/20,10,137004-8926,16970103 4747
16860710 2970,B9D 2I9,05/04/19,7,238075-5641,16580914 6771
16980423 8799,U1A 0I2,04/11/21,4,406796-1344,16370107 1643
16340623 3290,X2W 3Z3,04/16/20,4,887853-0719,16701205 2770
16120606 7983,R8P 4F9,11/11/20,6,976210-7515,16430704 4794
16440807 0862,J9C 5L9,01/18/20,4,263935-5110,16170915 0302
16980529 0377,Z1J 4J5,10/25/20,6,156741-5334,16800318 3111
16181213 6255,S8B 0A7,05/02/19,3,034077-7150,16130918 7761
16551214 5862,W4Q 8Z7,08/30/20,5,278341-9845,16150511 2654
16090909 8733,A1G 1L7,02/16/20,6,545784-2721,16620230 7234
16410810 4821,A7D 8L7,07/15/19,1,166959-1990,16230518 6674
16630523 3378,T7V 9A0,04/10/21,8,978820-9238,16290920 6654
16710729 5979,G1H 7Q5,07/15/19,3,789613-9339,16180804 4943
16231114 6910,A6S 5N8,08/21/20,1,989560-1483,16481020 7268
16830111 0568,G9U 0Z8,06/18/20,5,732343-0871,16860919 4868
16781211 4416,V1P 8M3,04/07/21,1,539239-9001,16830402 2331
16941212 0603,S3S 6H1,10/24/20,1,102222-4578,16631212 5070
16790130 4084,S3P 2H4,09/02/20,7,657652-1006,16331004 8362
16851119 8866,V1F 2T6,12/02/19,5,834222-3669,16780205 8276
16961229 8423,Z2J 9P9,03/20/21,5,286680-6553,16240915 4982
16240719 2364,W7X 1V6,02/11/20,5,288238-5947,16970119 4384
16070210 1908,D8U 9H0,07/02/19,5,792469-9791,16830616 6961
16271203 6744,T4I 2S2,05/05/20,1,447983-9856,16910430 8110
16460228 0556,A8H 6O7,12/18/20,6,619012-1423,16860710 8464
16430127 3860,N5J 8Q8,04/14/20,2,254169-8342,16610808 1552
16461001 2934,I5X 5Q1,04/21/20,8,343943-8122,16290721 0625
16930129 8817,W2Y 5A9,02/04/20,5,038788-3580,16700223 5880
16030812 0633,L7G 3A7,11/18/20,6,304808-7393,16950102 6877
16300702 8321,Y0Q 7G2,11/16/19,7,977789-8579,16460728 2086
16540412 5667,R0B 6E7,03/18/21,6,579898-2657,16530322 3365
16020823 9988,J9Q 8X0,02/15/20,8,952308-4243,16141124 6299
16491029 1832,O1Q 5Y0,04/08/21,6,566340-7178,16001226 1038
16990126 7691,F5C 1B3,02/19/20,1,109308-0651,16040820 1192
16180105 4659,J1I 4Q2,10/14/20,3,498008-9926,16450821 9914
16120624 3022,N7O 8F4,08/04/20,3,689967-9796,16100414 1063
16621214 5012,Y5F 2Q7,06/28/20,7,578088-5017,16730507 1859
16560111 8820,K0P 1X9,03/01/21,7,043492-6507,16390628 2284
16040801 8596,B5J 5A1,04/04/21,6,818485-8226,16680920 4354
16100624 6209,V0M 5Y3,06/21/20,8,494245-2873,16671122 9663
16681124 3986,D9F 1U7,03/12/20,10,359465-6302,16810227 1098
16280902 2722,H0O 5D8,10/22/20,3,209142-0436,16990530 6032
16490205 8645,T0S 2R8,04/10/21,3,673126-8188,16510310 3122
16590727 2420,T1M 1C0,08/24/19,5,129099-4712,16200712 9600
16600611 9942,S3R 4H3,12/08/19,4,602824-3829,16540530 8999
16790401 0761,F9K 8A2,10/10/20,4,724974-8984,16210829 6381
16130908 9975,F6H 4L5,08/18/19,10,078982-9751,16870728 9842
16580106 6647,W5Z 6A3,11/14/20,8,013307-7461,16380430 4008
16870507 3065,G7C 4B1,06/03/19,1,183712-7396,16691111 7411