Restaurantid,address,schedule,name,websiteaddress,orderid
24670894699,"Ap #984-3438 Tellus, Rd.",8/13/2020,"Pharetra Nibh Aliquam Foundation","16481021 1203",343106-8802
55969520099,"Ap #948-4884 Lacus. Road",4/12/2019,"Tincidunt Corporation","16250510 2802",593911-2156
70284678999,"P.O. Box 494, 2267 Maecenas Avenue",2/16/2021,"Mauris Vestibulum Company","16720103 4167",538584-1738
9780151199,"3259 Donec St.",9/2/2019,"Lacus Varius LLP","16720825 4982",188707-9463
61739426399,"Ap #425-2855 Integer Rd.",8/26/2020,"Adipiscing Ligula PC","16340803 4506",958355-5181
74687058099,"Ap #118-2972 Aliquam, St.",10/29/2019,"Lectus Institute","16001012 3073",552184-2285
59608553599,"Ap #548-7621 Accumsan Ave",6/21/2019,"Pellentesque Habitant PC","16331028 5634",792713-1305
23241203299,"P.O. Box 692, 1035 Leo. Avenue",8/28/2020,"Erat Volutpat Nulla Corp.","16330508 8118",303655-7506
88732839899,"P.O. Box 934, 4654 Scelerisque St.",1/4/2020,"Felis Limited","16260130 2827",285883-2385
17251039599,"P.O. Box 696, 4143 Ullamcorper, Av.",5/21/2020,"Posuere At PC","16881118 9276",582418-5051
98720887699,"997 Ipsum. St.",9/17/2019,"Auctor Velit Eget Corp.","16061117 7650",204774-9037
37436788599,"475-4519 Vivamus Ave",4/3/2021,"Amet Orci Ut Corp.","16050809 8969",645193-8119
59585617499,"522-4471 Non, Rd.",5/8/2019,"Donec PC","16220430 0368",155046-2160
5512168099,"Ap #851-5586 Eu, Ave",6/30/2020,"Phasellus Nulla Integer Company","16960830 2080",774225-2401
49989205999,"6213 Lacus, Rd.",11/18/2020,"Adipiscing Industries","16640718 3265",673348-6655
49733892999,"Ap #495-5431 Arcu. St.",10/13/2019,"Placerat Eget Incorporated","16130310 0729",252944-5989
97593489699,"836-2153 Cras Avenue",11/27/2019,"Blandit Nam Nulla Limited","16220525 3681",938525-5477
75827353799,"Ap #538-3470 Gravida Av.",7/16/2020,"Erat Nonummy Incorporated","16081207 3526",234918-6565
14427846999,"Ap #837-8340 Eleifend Rd.",11/1/2020,"Dui Foundation","16490205 1137",629959-3712
772417199,"P.O. Box 218, 5835 Enim, Av.",3/31/2021,"Nunc PC","16480721 8914",116364-5177
